Country Name,Country Code,Series Name,Series Code,1990 [YR1990],2000 [YR2000],2011 [YR2011],2012 [YR2012],2013 [YR2013],2014 [YR2014],2015 [YR2015],2016 [YR2016],2017 [YR2017],2018 [YR2018],2019 [YR2019],2020 [YR2020]
Latin America & Caribbean,LCN,"Population, total",SP.POP.TOTL,441826998,520903449,596538911,603097381,609600087,616002686,622301089,628484873,634545282,640454810,646430841,..
Latin America & Caribbean,LCN,Population growth (annual %),SP.POP.GROW,1.87824096202453,1.46809788448248,1.1198476558079,1.09942031928911,1.07821824548762,1.0502949616541,1.02246356114104,0.993696477365475,0.964288761807637,0.931301227451243,0.933091750844994,..
Latin America & Caribbean,LCN,Surface area (sq. km),AG.SRF.TOTL.K2,20452682.4156212,20425492.4156212,20425484.4078087,20425482.3765587,20425483.3921837,20425483.3921837,20425483.3921837,20426078.3765625,20426078.3765625,20425545.9765625,..,..
Latin America & Caribbean,LCN,Population density (people per sq. km of land area),EN.POP.DNST,22.0129568832928,25.9896268590755,29.7641321747825,30.0919866753081,30.4198271919214,30.7396318936835,31.0539334286253,31.362515271189,31.6649404813693,31.9606855829336,..,..
Latin America & Caribbean,LCN,Poverty headcount ratio at national poverty lines (% of population),SI.POV.NAHC,..,..,..,..,..,..,..,..,..,..,..,..
Latin America & Caribbean,LCN,Poverty headcount ratio at $1.90 a day (2011 PPP) (% of population),SI.POV.DDAY,15.2,..,5.7,4.7,4.3,..,4.1,..,..,4.4,..,..
Latin America & Caribbean,LCN,"GNI, Atlas method (current US$)",NY.GNP.ATLS.CD,1035040820987.84,2162544026033.58,5291378151961.1,5900823297769.11,6212016130108.81,6211563980123.03,5769196188911.75,5369319458460.01,5339235470908.09,5577714489579.21,5672645052710.86,..
Latin America & Caribbean,LCN,"GNI per capita, Atlas method (current US$)",NY.GNP.PCAP.CD,2342.63824001954,4151.52564296725,8870.13077334882,9784.19652226795,10190.3137197367,10083.6637912372,9270.74737757972,8543.27556497928,8414.27022210228,8708.98992792202,8775.33170282459,..
Latin America & Caribbean,LCN,"GNI, PPP (current international $)",NY.GNP.MKTP.PP.CD,2664928714335.33,4423296306069.26,8234375340151.06,8502654406008.78,8904565614013.34,9195972474621.33,9186087253982.37,9406172306113.83,9893230865066.27,10227888926577.9,10473510520636.9,..
Latin America & Caribbean,LCN,"GNI per capita, PPP (current international $)",NY.GNP.PCAP.PP.CD,6031.61130125264,8491.58575271645,13803.5846250959,14098.3109426051,14607.224972416,14928.4616506061,14761.4834946599,14966.4259399189,15591.0557460677,15969.7277104968,16202.0588380882,..
Latin America & Caribbean,LCN,Income share held by lowest 20%,SI.DST.FRST.20,..,..,..,..,..,..,..,..,..,..,..,..
Latin America & Caribbean,LCN,"Life expectancy at birth, total (years)",SP.DYN.LE00.IN,68.3137257292478,71.6873950721169,74.2831448266383,74.4614890508871,74.6328307448558,74.7990690810121,74.9617220946921,75.1220587349306,75.2821359218146,75.4409154860844,..,..
Latin America & Caribbean,LCN,"Fertility rate, total (births per woman)",SP.DYN.TFRT.IN,3.25701816779207,2.62688992440689,2.16260901202293,2.14189189297907,2.12232936968132,2.10329424068396,2.08444989123462,2.06541471376572,2.04601307715281,2.02739093348555,..,..
Latin America & Caribbean,LCN,"Adolescent fertility rate (births per 1,000 women ages 15-19)",SP.ADO.TFRT,87.3113546067797,82.5568648105808,69.2865290560101,68.1723861884688,67.1532084193415,66.1339192462503,65.1129054001644,64.0671620612829,63.0299505134263,62.0980750343964,..,..
Latin America & Caribbean,LCN,"Contraceptive prevalence, any methods (% of women ages 15-49)",SP.DYN.CONU.ZS,58.4512090426258,..,..,..,..,..,..,..,..,..,..,..
Latin America & Caribbean,LCN,Births attended by skilled health staff (% of total),SH.STA.BRTC.ZS,74.4240111940405,87.2149545111901,..,..,..,..,..,94.7491125097862,..,..,..,..
Latin America & Caribbean,LCN,"Mortality rate, under-5 (per 1,000 live births)",SH.DYN.MORT,54.6,33.1,20.5,19.8,19.2,18.6,18.1,18.1,17.3,16.7,16.3,..
Latin America & Caribbean,LCN,"Prevalence of underweight, weight for age (% of children under 5)",SH.STA.MALN.ZS,7.5,5.3,3.6,3.4,3.3,3.2,3.1,3,2.9,2.8,2.7,..
Latin America & Caribbean,LCN,"Immunization, measles (% of children ages 12-23 months)",SH.IMM.MEAS,75.9531630155167,93.54163932749,94.5068543169036,95.2102545400349,91.6322654174038,92.7391719115604,92.9836834256055,92.3588308112179,86.6935783758754,91.2212526160778,86.47422839986,..
Latin America & Caribbean,LCN,"Primary completion rate, total (% of relevant age group)",SE.PRM.CMPT.ZS,91.99378,97.70394,99.95938,100.6185,100.2984,100.6464,99.33219,99.09733,98.69285,98.59721,..,..
Latin America & Caribbean,LCN,"School enrollment, primary (% gross)",SE.PRM.ENRR,115.6447,118.6874,115.7271,115.3976,110.7521,109.9361,108.9889,108.8391,108.9367,109.2604,..,..
Latin America & Caribbean,LCN,"School enrollment, secondary (% gross)",SE.SEC.ENRR,76.85964,85.28891,89.36423,89.15551,93.96249,94.04588,94.48957,95.45097,95.78205,95.94882,..,..
Latin America & Caribbean,LCN,"School enrollment, primary and secondary (gross), gender parity index (GPI)",SE.ENR.PRSC.FM.ZS,1.01676,1.01084,1.02043,1.02063,1.01889,1.02033,1.01639,1.01665,1.01209,1.01012,..,..
Latin America & Caribbean,LCN,"Prevalence of HIV, total (% of population ages 15-49)",SH.DYN.AIDS.ZS,0.239331516988867,0.459839519670235,0.507326978448153,0.514406733652506,0.512318911467665,0.519146190939352,0.515859174934992,0.516226189182024,0.515297991305536,0.506700797678386,0.504068887860241,..
Latin America & Caribbean,LCN,Forest area (sq. km),AG.LND.FRST.K2,10242341.7963019,9797204.3132773,9359417.20357567,9337652.84303576,9315888.6785689,9294124.32805926,9272360.08235842,9250585.88407427,..,..,..,..
Latin America & Caribbean,LCN,Terrestrial and marine protected areas (% of total territorial area),ER.PTD.TOTL.ZS,..,..,..,..,..,..,..,16.3108065885503,21.7430866982019,21.7433893441639,..,..
Latin America & Caribbean,LCN,"Annual freshwater withdrawals, total (% of internal resources)",ER.H2O.FWTL.ZS,..,..,..,..,..,..,..,..,..,..,..,..
Latin America & Caribbean,LCN,Urban population growth (annual %),SP.URB.GROW,2.68883136223212,2.07435264153541,1.47974228059984,1.45147177629798,1.42077378963587,1.38476832499308,1.34836431256689,1.31035868552061,1.27340351497847,1.23516770453622,1.24070325060394,..
Latin America & Caribbean,LCN,Energy use (kg of oil equivalent per capita),EG.USE.PCAP.KG.OE,1053.75029505478,1155.09245581249,1346.42255363963,1387.12456768343,1397.01671124005,1359.61304794341,..,..,..,..,..,..
Latin America & Caribbean,LCN,CO2 emissions (metric tons per capita),EN.ATM.CO2E.PC,2.28807275003815,2.60599840613767,2.94139645769819,3.03221581120441,3.06062488384005,3.06978814100696,3.00933105309963,2.92262908151866,..,..,..,..
Latin America & Caribbean,LCN,Electric power consumption (kWh per capita),EG.USE.ELEC.KH.PC,1176.55315222231,1599.86262763492,2078.51506204219,2130.83027794063,2152.54204035254,2157.88402154826,..,..,..,..,..,..
Latin America & Caribbean,LCN,GDP (current US$),NY.GDP.MKTP.CD,1179437621738.85,2289336070722.22,6081032499511.41,6143728571910.91,6294812403097.39,6417117884851.69,5520203132554.66,5390740209889.85,5985647360814.57,5816094715343.34,5719252824663.02,..
Latin America & Caribbean,LCN,GDP growth (annual %),NY.GDP.MKTP.KD.ZG,0.347318567832502,3.79188249580136,4.36583870217022,2.78415696409479,2.78487363645772,0.990677866765793,0.0900868525794039,-0.336701963678749,1.77235885123662,1.57103861314181,0.831692570483426,..
Latin America & Caribbean,LCN,"Inflation, GDP deflator (annual %)",NY.GDP.DEFL.KD.ZG,16.267939907543,3.53930849728748,5.79618847204975,3.59822124441102,2.39781509781859,2.62730714995604,2.47188597709767,2.30721759421941,2.63184831864771,2.46415572670481,2.50789657739299,..
Latin America & Caribbean,LCN,"Agriculture, forestry, and fishing, value added (% of GDP)",NV.AGR.TOTL.ZS,8.1565568682093,5.16181604242751,4.75477772899274,4.4937951159983,4.62649735505435,4.63256000496984,4.48754461744626,4.92731412742947,4.70554080449012,4.65346829850134,4.85436131481066,..
Latin America & Caribbean,LCN,"Industry (including construction), value added (% of GDP)",NV.IND.TOTL.ZS,33.1731334680913,28.7203979144737,29.4972905436828,28.7341921567236,27.7130697136623,26.6856973225916,24.625607755309,23.8914180077378,24.1491103814105,24.3151355416931,23.2797704218598,..
Latin America & Caribbean,LCN,Exports of goods and services (% of GDP),NE.EXP.GNFS.ZS,17.2649366221052,18.7925713170198,22.6821552858667,21.9916033607277,21.180727044094,20.2360201258192,21.0160673261501,21.4091882792514,21.5742050611025,23.1484730286612,22.5408024012919,..
Latin America & Caribbean,LCN,Imports of goods and services (% of GDP),NE.IMP.GNFS.ZS,15.1216506569623,19.5390358455392,22.5604850618539,22.89264516831,23.1426770158885,23.0347846803405,22.7097916768061,22.1237088941695,22.1617515198964,24.115591674248,23.2565556395355,..
Latin America & Caribbean,LCN,Gross capital formation (% of GDP),NE.GDI.TOTL.ZS,19.7093477495363,20.1650169888776,22.0019451767488,22.0897887217598,22.0012304555725,21.1952833017765,19.8373218401428,18.6963175755359,18.3347632958508,18.7382711368803,18.3456281880111,..
Latin America & Caribbean,LCN,"Revenue, excluding grants (% of GDP)",GC.REV.XGRT.GD.ZS,18.6209438492501,16.7916524149317,24.2494659381863,24.4114787766185,23.8515711709821,23.1595309189086,24.2639439485405,24.4861962499306,23.8368976792488,23.8611807440124,..,..
Latin America & Caribbean,LCN,Time required to start a business (days),IC.REG.DURS,..,..,53.9516129032258,53.4354838709677,35.6515151515151,30.8030303030303,31.7242424242424,32.1787878787879,31.9363636363636,28.7575757575758,28.0909090909091,..
Latin America & Caribbean,LCN,Domestic credit provided by financial sector (% of GDP),FS.AST.DOMS.GD.ZS,..,..,..,..,..,..,..,..,..,..,..,..
Latin America & Caribbean,LCN,Tax revenue (% of GDP),GC.TAX.TOTL.GD.ZS,11.2146200005781,12.1640184871883,13.6677756229824,13.0458577792895,13.0101355691825,12.8956378804652,13.3950121005605,13.4177596795329,13.5254817863511,13.7201698031422,..,..
Latin America & Caribbean,LCN,Military expenditure (% of GDP),MS.MIL.XPND.GD.ZS,1.73814563694303,1.28382923267934,1.29600669154302,1.32197036800181,1.33457742164119,1.29466824232456,1.28213460702579,1.23931855945727,1.26051627010449,1.25758336109073,..,..
Latin America & Caribbean,LCN,Mobile cellular subscriptions (per 100 people),IT.CEL.SETS.P2,0.0284078686127439,12.2483639830574,105.808026382123,110.382155117753,116.01466756991,115.572008174437,111.498846355841,109.881067779153,106.005718436968,104.53256341178,..,..
Latin America & Caribbean,LCN,High-technology exports (% of manufactured exports),TX.VAL.TECH.MF.ZS,..,..,13.1988662373841,12.9450321025259,13.1423628557155,13.2425641108819,13.7401279399567,14.5535428845301,14.5829073980906,14.3444732512141,..,..
Latin America & Caribbean,LCN,Statistical Capacity score (Overall average),IQ.SCI.OVRL,..,..,..,..,..,..,..,..,..,..,..,..
Latin America & Caribbean,LCN,Merchandise trade (% of GDP),TG.VAL.TOTL.GD.ZS,23.2594605632882,33.8426821134353,36.9377845109992,37.3154845284324,36.9142780297181,35.5227285632287,37.6767114440696,36.5677139593723,36.2135522739519,41.0361675200391,41.3273786667691,..
Latin America & Caribbean,LCN,Net barter terms of trade index (2000 = 100),TT.PRI.MRCH.XD.WD,..,..,..,..,..,..,..,..,..,..,..,..
Latin America & Caribbean,LCN,"External debt stocks, total (DOD, current US$)",DT.DOD.DECT.CD,..,..,..,..,..,..,..,..,..,..,..,..
Latin America & Caribbean,LCN,"Total debt service (% of exports of goods, services and primary income)",DT.TDS.DECT.EX.ZS,..,..,..,..,..,..,..,..,..,..,..,..
Latin America & Caribbean,LCN,Net migration,SM.POP.NETM,..,..,..,-2796189,..,..,..,..,-2606469,..,..,..
Latin America & Caribbean,LCN,"Personal remittances, received (current US$)",BX.TRF.PWKR.CD.DT,5735412672.022,19849705945.3137,60630756997.6573,60937377395.1987,62256831153.926,65218884698.4688,69141952253.8298,74140875407.516,82195082388.541,90161985920.2508,97198100527.4839,..
Latin America & Caribbean,LCN,"Foreign direct investment, net inflows (BoP, current US$)",BX.KLT.DINV.CD.WD,8491733520.29005,97255235966.1429,285017562559.62,296767889346.28,379704648671.548,298130977547.835,290656873995.252,220294815597.492,222141020550.13,276237951685.5,144243517372.267,..
Latin America & Caribbean,LCN,Net official development assistance and official aid received (current US$),DT.ODA.ALLD.CD,4997090032.3391,4790169980.30245,10096050010.5023,10265979936.3613,10430569929.9574,10126710118.0553,10292740075.3498,11407120188.2921,8752000021.57688,10469069987.2971,..,..
Costa Rica,CRI,"Population, total",SP.POP.TOTL,3119433,3962372,4633086,4688000,4742107,4795396,4847804,4899345,4949954,4999441,5047561,..
Costa Rica,CRI,Population growth (annual %),SP.POP.GROW,2.61184628886813,1.96091760370543,1.20968236400613,1.17828835259712,1.14754994327846,1.11747392449788,1.08695279543583,1.05757038052655,1.02767608960277,0.99478225758881,0.957905013850413,..
Costa Rica,CRI,Surface area (sq. km),AG.SRF.TOTL.K2,51100,51100,51100,51100,51100,51100,51100,51100,51100,51100,..,..
Costa Rica,CRI,Population density (people per sq. km of land area),EN.POP.DNST,61.0934782608696,77.6022718370544,90.7380728554642,91.8135526831179,92.8732275754015,93.9168820994908,94.9432824128476,95.9527027027027,96.9438699569134,97.9130630630631,..,..
Costa Rica,CRI,Poverty headcount ratio at national poverty lines (% of population),SI.POV.NAHC,..,..,21.7,20.6,20.7,22.4,21.7,20.5,20,21.1,21,..
Costa Rica,CRI,Poverty headcount ratio at $1.90 a day (2011 PPP) (% of population),SI.POV.DDAY,9.9,6.5,1.6,1.6,1.6,1.4,1.5,1.3,1,1.4,..,..
Costa Rica,CRI,"GNI, Atlas method (current US$)",NY.GNP.ATLS.CD,5445106526.71847,14066314881.4115,37057193328.4356,42886679691.3547,46180020885.8227,48398598948.9647,50407805035.0761,52758372799.7749,55212784025.614,57957290541.0273,59061441837.9632,..
Costa Rica,CRI,"GNI per capita, Atlas method (current US$)",NY.GNP.PCAP.CD,1750,3550,8000,9150,9740,10090,10400,10770,11150,11590,11700,..
Costa Rica,CRI,"GNI, PPP (current international $)",NY.GNP.MKTP.PP.CD,15079202687.0267,29623300811.7384,59912146076.3814,63956459017.0707,66885378676.1451,71737908299.0027,76862312605.2469,84399345453.2129,89894854940.6111,93960595206.229,97152868665.4819,..
Costa Rica,CRI,"GNI per capita, PPP (current international $)",NY.GNP.PCAP.PP.CD,4830,7480,12930,13640,14100,14960,15860,17230,18160,18790,19250,..
Costa Rica,CRI,Income share held by lowest 20%,SI.DST.FRST.20,3.8,3.9,4.2,4.2,4.1,4.2,4.3,4.2,4.4,4.3,..,..
Costa Rica,CRI,"Life expectancy at birth, total (years)",SP.DYN.LE00.IN,75.654,77.452,78.919,79.074,79.234,79.398,79.565,79.738,79.914,80.095,..,..
Costa Rica,CRI,"Fertility rate, total (births per woman)",SP.DYN.TFRT.IN,3.264,2.363,1.869,1.853,1.838,1.823,1.806,1.789,1.772,1.754,..,..
Costa Rica,CRI,"Adolescent fertility rate (births per 1,000 women ages 15-19)",SP.ADO.TFRT,95.4168,74.9312,60.5276,59.767,58.5056,57.2442,55.9828,54.7214,53.46,52.5186,..,..
Costa Rica,CRI,"Contraceptive prevalence, any methods (% of women ages 15-49)",SP.DYN.CONU.ZS,..,..,76.2,..,..,..,77.8,..,..,..,..,..
Costa Rica,CRI,Births attended by skilled health staff (% of total),SH.STA.BRTC.ZS,..,98.4,98.4,98.9,99,99.11,90,..,..,..,..,..
Costa Rica,CRI,"Mortality rate, under-5 (per 1,000 live births)",SH.DYN.MORT,16.9,13.1,10.2,9.9,9.6,9.3,9,8.9,8.8,8.7,8.6,..
Costa Rica,CRI,"Prevalence of underweight, weight for age (% of children under 5)",SH.STA.MALN.ZS,2.5,..,..,..,..,..,..,..,..,..,..,..
Costa Rica,CRI,"Immunization, measles (% of children ages 12-23 months)",SH.IMM.MEAS,90,82,83,90,91,95,93,93,96,94,95,..
Costa Rica,CRI,"Primary completion rate, total (% of relevant age group)",SE.PRM.CMPT.ZS,74.33677,88.31564,104.36045,102.4104,98.64965,98.42607,99.5866,97.32091,96.77837,98.59437,..,..
Costa Rica,CRI,"School enrollment, primary (% gross)",SE.PRM.ENRR,101.31107,109.10442,115.88819,114.66955,112.32019,111.77286,111.29795,111.76114,110.83347,113.29429,..,..
Costa Rica,CRI,"School enrollment, secondary (% gross)",SE.SEC.ENRR,43.48998,62.0568,103.8047,107.4917,114.39269,120.12722,122.78658,125.81616,128.92962,132.81693,..,..
Costa Rica,CRI,"School enrollment, primary and secondary (gross), gender parity index (GPI)",SE.ENR.PRSC.FM.ZS,0.99477,1.00061,1.00842,1.01007,1.02139,1.02212,1.01672,1.02941,1.04103,1.04136,..,..
Costa Rica,CRI,"Prevalence of HIV, total (% of population ages 15-49)",SH.DYN.AIDS.ZS,0.1,0.2,0.3,0.3,0.3,0.3,0.3,0.3,0.3,0.4,0.4,..
Costa Rica,CRI,Forest area (sq. km),AG.LND.FRST.K2,25640,23760,26351.9995117188,26653.9990234375,26956.0009765625,27258.0004882813,27560,27861.9995117188,..,..,..,..
Costa Rica,CRI,Terrestrial and marine protected areas (% of total territorial area),ER.PTD.TOTL.ZS,..,..,..,..,..,..,..,3.03546193741007,3.03538959317313,3.03538959317313,..,..
Costa Rica,CRI,"Annual freshwater withdrawals, total (% of internal resources)",ER.H2O.FWTL.ZS,..,..,..,..,..,2.07699115044248,..,..,..,..,..,..
Costa Rica,CRI,Urban population growth (annual %),SP.URB.GROW,4.45664975781913,3.48811644855659,2.77536277074606,2.64682885247574,2.5228681797973,2.40434101313406,2.29242925608703,2.18697768486254,2.08338107981079,1.98274148495537,1.88129554144115,..
Costa Rica,CRI,Energy use (kg of oil equivalent per capita),EG.USE.PCAP.KG.OE,537.736505320037,725.218126919936,1004.72859774241,1009.45776450512,1021.26248943771,1023.00894441252,..,..,..,..,..,..
Costa Rica,CRI,CO2 emissions (metric tons per capita),EN.ATM.CO2E.PC,0.947480519697009,1.38170545319824,1.59166849050503,1.56520200511945,1.62776483111832,1.63567576066711,1.54991476553095,1.63764666501338,..,..,..,..
Costa Rica,CRI,Electric power consumption (kWh per capita),EG.USE.ELEC.KH.PC,1071.98968530499,1506.92564958565,1885.35244111592,1942.83276450512,1939.85500538052,1942.48816990297,..,..,..,..,..,..
Costa Rica,CRI,GDP (current US$),NY.GDP.MKTP.CD,5711687786.75989,14949514493.332,42262697840.385,46473128285.5589,49745088111.6953,50577769837.7462,54775994478.5095,57157992434.1805,58481858042.5721,60553901420.085,61773944173.6736,..
Costa Rica,CRI,GDP growth (annual %),NY.GDP.MKTP.KD.ZG,3.55306336479583,3.83316666121128,4.3071016599247,4.79691991858162,2.26902740046155,3.51533856391144,3.63173144154423,4.245989878198,3.86019845392708,2.6603752941224,2.08385993806746,..
Costa Rica,CRI,"Inflation, GDP deflator (annual %)",NY.GDP.DEFL.KD.ZG,18.5479003002392,9.41458753328573,4.5483918693822,4.35587301579324,4.0132442047469,5.79755194321965,3.77691473758637,2.00347227015865,2.63184831864771,2.54095145370013,1.72015479405513,..
Costa Rica,CRI,"Agriculture, forestry, and fishing, value added (% of GDP)",NV.AGR.TOTL.ZS,15.78742116015,9.28848934693146,5.83847603297346,5.40932984042143,5.04354220118168,5.12480170383165,4.95667494783787,5.13081355550647,4.98743225901154,4.54290060760583,4.24544209797267,..
Costa Rica,CRI,"Industry (including construction), value added (% of GDP)",NV.IND.TOTL.ZS,25.6960006915969,25.552360399716,22.3201119645036,21.934736018709,20.7609163185223,20.1724420278995,19.4218068044411,19.1398532688257,18.8935141277869,19.2221552260609,18.468535588238,..
Costa Rica,CRI,Exports of goods and services (% of GDP),NE.EXP.GNFS.ZS,34.1902683361643,43.1144408485556,32.8565829624639,32.1695688294834,31.3330174065706,32.2550051636783,30.8249404773106,32.0955124689319,32.7639069191956,33.4791686208881,33.7530410445077,..
Costa Rica,CRI,Imports of goods and services (% of GDP),NE.IMP.GNFS.ZS,41.0948958578585,43.7815689669212,36.5944859208543,35.9749679418564,34.2853571360004,34.7905430591131,31.6933559215415,31.8320227299028,33.0505051951401,33.2155081270408,32.3459747904124,..
Costa Rica,CRI,Gross capital formation (% of GDP),NE.GDI.TOTL.ZS,27.3228217996094,20.7362162885862,19.8893624606348,20.4795952963296,18.9772223855997,18.8066219545086,18.432820083627,18.3774127529156,19.3210790318189,19.627881354983,17.8812693682383,..
Costa Rica,CRI,"Revenue, excluding grants (% of GDP)",GC.REV.XGRT.GD.ZS,23.0851075427481,22.2551609731917,23.5732482460336,23.7428150234265,24.1598969276404,23.7269759224467,24.1706210576851,24.7174317393147,24.1296918273504,25.0662183397225,..,..
Costa Rica,CRI,Time required to start a business (days),IC.REG.DURS,..,..,73.5,57.5,23,23,23,22.5,22.5,23,23,..
Costa Rica,CRI,Domestic credit provided by financial sector (% of GDP),FS.AST.DOMS.GD.ZS,..,..,58.8166444331492,60.0773694322109,65.483981742166,70.5293114086061,74.3032440105311,78.8949129389721,81.3964922442876,82.7019504981717,81.8188095234324,..
Costa Rica,CRI,Tax revenue (% of GDP),GC.TAX.TOTL.GD.ZS,13.0573346474185,12.8947795254088,13.3652340296961,13.3191976561239,13.7417149909108,13.4166589919403,13.6570929886303,13.910101247384,13.704774682847,13.5884208613983,..,..
Costa Rica,CRI,Military expenditure (% of GDP),MS.MIL.XPND.GD.ZS,0,0,0,0,0,0,0,0,0,0,..,..
Costa Rica,CRI,Mobile cellular subscriptions (per 100 people),IT.CEL.SETS.P2,0,5.34058892,89.63932463,114.7201792,149.9751271,146.3990044,155.4435575,170.0362804,178.5944273,169.9306983,161.8843437,..
Costa Rica,CRI,High-technology exports (% of manufactured exports),TX.VAL.TECH.MF.ZS,..,..,41.0064132872521,39.8042592421217,43.4498449469054,36.5156018800235,16.9925053494056,18.4566132568647,18.5222905945339,18.4680051773733,..,..
Costa Rica,CRI,Statistical Capacity score (Overall average),IQ.SCI.OVRL,..,..,76.6666666666667,77.7777777777778,77.7777777777778,77.7777777777778,84.4444333333333,84.4444333333333,87.7777666666667,91.1111,91.1111,..
Costa Rica,CRI,Merchandise trade (% of GDP),TG.VAL.TOTL.GD.ZS,60.192365695645,81.8688794573161,63.0059162350849,62.4532952067678,59.5174340299123,56.8609491724507,46.9092350483587,45.1677865168712,44.6138355949754,45.1828855917862,45.2472322657875,..
Costa Rica,CRI,Net barter terms of trade index (2000 = 100),TT.PRI.MRCH.XD.WD,75,100,99.8176767,99.81711662,99.80970158,99.83425679,99.90114876,99.93413182,99.90802204,99.87346975,..,..
Costa Rica,CRI,"External debt stocks, total (DOD, current US$)",DT.DOD.DECT.CD,3845937733.1,4692408663.5,10271452441.9,14310369555.7,17134573111,19722089477.9,23588779416,25562670679.8,25615909360.8,27818993183.2,..,..
Costa Rica,CRI,"Total debt service (% of exports of goods, services and primary income)",DT.TDS.DECT.EX.ZS,24.5314810604251,9.54253451545384,11.2949185238754,14.8241438600905,20.4653624598733,20.491936979894,15.8447966083718,14.8848594881245,14.8595442186757,18.3464023215334,..,..
Costa Rica,CRI,Net migration,SM.POP.NETM,..,..,..,19658,..,..,..,..,21000,..,..,..
Costa Rica,CRI,"Personal remittances, received (current US$)",BX.TRF.PWKR.CD.DT,12000000,135975253.752763,520219673.310912,562342745.046091,596399211.049776,593925384.378772,551988507.633386,545423773.110502,560366619.096707,533509663.136669,553377977.061178,..
Costa Rica,CRI,"Foreign direct investment, net inflows (BoP, current US$)",BX.KLT.DINV.CD.WD,162500000,723426415.264239,2733268839.98155,2696295210.67893,3205384976.80294,3242149796.9724,2955521680.83967,2620435490.61534,2856006597.34999,2763898445.34094,2506488425.01376,..
Costa Rica,CRI,Net official development assistance and official aid received (current US$),DT.ODA.ALLD.CD,222500000,25459999.0844727,35549999.2370605,28459999.0844727,32819999.6948242,54549999.2370605,111300003.051758,100720001.220703,99260002.1362305,94169998.1689453,..,..
El Salvador,SLV,"Population, total",SP.POP.TOTL,5270079,5887936,6210568,6237923,6266070,6295128,6325124,6356143,6388122,6420744,6453553,..
El Salvador,SLV,Population growth (annual %),SP.POP.GROW,1.32709648358377,0.734526453073739,0.430725951435546,0.439491726841699,0.450208945928956,0.46266370188661,0.475363827681707,0.489210768357071,0.501858163165851,0.509367035813322,0.509683301933842,..
El Salvador,SLV,Surface area (sq. km),AG.SRF.TOTL.K2,21040,21040,21040,21040,21040,21040,21040,21040,21040,21040,..,..
El Salvador,SLV,Population density (people per sq. km of land area),EN.POP.DNST,254.347442084942,284.166795366795,299.737837837838,301.05805984556,302.416505791506,303.818918918919,305.266602316602,306.763658301158,308.307046332046,309.881467181467,..,..
El Salvador,SLV,Poverty headcount ratio at national poverty lines (% of population),SI.POV.NAHC,..,..,40.6,34.5,29.6,31.8,34.9,32.7,29.2,..,..,..
El Salvador,SLV,Poverty headcount ratio at $1.90 a day (2011 PPP) (% of population),SI.POV.DDAY,..,12.2,4.5,4.1,3.2,3,1.9,2.2,1.9,1.5,..,..
El Salvador,SLV,"GNI, Atlas method (current US$)",NY.GNP.ATLS.CD,4739680491.32137,11209713646.1298,19000425869.1328,20044828186.5691,20964354012.6047,21429542948.6211,21762547583.9586,22296692495.5378,23010048876.9004,24542247734.7323,25807942165.8445,..
El Salvador,SLV,"GNI per capita, Atlas method (current US$)",NY.GNP.PCAP.CD,900,1900,3060,3210,3350,3400,3440,3510,3600,3820,4000,..
El Salvador,SLV,"GNI, PPP (current international $)",NY.GNP.MKTP.PP.CD,14959418496.2613,25625057193.2798,38933283619.5548,39143379884.8551,41152360828.005,43447081739.4438,45817642299.8659,48462178672.0867,51005491573.6496,53436355129.8483,56132584584.232,..
El Salvador,SLV,"GNI per capita, PPP (current international $)",NY.GNP.PCAP.PP.CD,2840,4350,6270,6280,6570,6900,7240,7620,7980,8320,8700,..
El Salvador,SLV,Income share held by lowest 20%,SI.DST.FRST.20,..,3.2,5.6,5.7,5.5,5.8,6.1,5.9,6.4,6.2,..,..
El Salvador,SLV,"Life expectancy at birth, total (years)",SP.DYN.LE00.IN,64,68.875,71.449,71.692,71.935,72.175,72.412,72.644,72.872,73.096,..,..
El Salvador,SLV,"Fertility rate, total (births per woman)",SP.DYN.TFRT.IN,3.964,3.022,2.224,2.187,2.154,2.126,2.101,2.079,2.059,2.039,..,..
El Salvador,SLV,"Adolescent fertility rate (births per 1,000 women ages 15-19)",SP.ADO.TFRT,103.9888,91.262,75.3112,73.515,72.7038,71.8926,71.0814,70.2702,69.459,68.6136,..,..
El Salvador,SLV,"Contraceptive prevalence, any methods (% of women ages 15-49)",SP.DYN.CONU.ZS,..,..,..,..,..,72,..,..,..,..,..,..
El Salvador,SLV,Births attended by skilled health staff (% of total),SH.STA.BRTC.ZS,..,..,99,99.5,99.8,97.7,99.9,99.9,..,..,..,..
El Salvador,SLV,"Mortality rate, under-5 (per 1,000 live births)",SH.DYN.MORT,59.6,32.8,18.3,17.4,16.7,15.9,15.3,14.7,14.2,13.7,13.3,..
El Salvador,SLV,"Prevalence of underweight, weight for age (% of children under 5)",SH.STA.MALN.ZS,..,..,..,..,..,5,..,..,..,..,..,..
El Salvador,SLV,"Immunization, measles (% of children ages 12-23 months)",SH.IMM.MEAS,98,97,89,93,94,95,95,90,85,81,82,..
El Salvador,SLV,"Primary completion rate, total (% of relevant age group)",SE.PRM.CMPT.ZS,..,91.04666,103.33501,103.40411,101.83494,100.10434,96.26838,92.97918,90.37033,86.6077,..,..
El Salvador,SLV,"School enrollment, primary (% gross)",SE.PRM.ENRR,..,112.13527,114.16257,112.3888,109.69133,106.27581,102.65757,99.80045,96.15064,94.82711,..,..
El Salvador,SLV,"School enrollment, secondary (% gross)",SE.SEC.ENRR,..,58.32695,71.50865,73.42412,77.16757,76.89573,75.3354,73.96273,71.49817,71.66179,..,..
El Salvador,SLV,"School enrollment, primary and secondary (gross), gender parity index (GPI)",SE.ENR.PRSC.FM.ZS,..,0.95002,0.96291,0.96347,0.97047,0.97707,0.97833,0.97582,0.97602,0.97767,..,..
El Salvador,SLV,"Prevalence of HIV, total (% of population ages 15-49)",SH.DYN.AIDS.ZS,0.1,0.5,0.7,0.7,0.7,0.6,0.6,0.6,0.6,0.5,0.5,..
El Salvador,SLV,Forest area (sq. km),AG.LND.FRST.K2,3770,3320,2826.00006103516,2782.00012207031,2737.99987792969,2693.99993896484,2650,2606.00006103516,..,..,..,..
El Salvador,SLV,Terrestrial and marine protected areas (% of total territorial area),ER.PTD.TOTL.ZS,..,..,..,..,..,..,..,2.15222717624485,2.15167925790249,2.15167925790249,..,..
El Salvador,SLV,"Annual freshwater withdrawals, total (% of internal resources)",ER.H2O.FWTL.ZS,..,..,..,..,..,..,..,..,..,..,..,..
El Salvador,SLV,Urban population growth (annual %),SP.URB.GROW,2.38805802169498,1.6810729306877,1.75570217517727,1.73077707572471,1.7059277309049,1.68683930329288,1.66752164496795,1.63186971115089,1.59374160921928,1.55334406830393,1.50854111204229,..
El Salvador,SLV,Energy use (kg of oil equivalent per capita),EG.USE.PCAP.KG.OE,468.439087915001,673.773458135415,690.941311648146,677.328335088458,636.573482262407,645.8763030712,..,..,..,..,..,..
El Salvador,SLV,CO2 emissions (metric tons per capita),EN.ATM.CO2E.PC,0.478024902472999,0.977171457026707,1.07047712866198,1.06813421711041,0.994280785244978,0.998428943780015,1.0829757645858,1.12788290005433,..,..,..,..
El Salvador,SLV,Electric power consumption (kWh per capita),EG.USE.ELEC.KH.PC,352.366634352161,614.986304198959,880.595784475752,915.689404950975,958.974285317591,937.073876813942,..,..,..,..,..,..
El Salvador,SLV,GDP (current US$),NY.GDP.MKTP.CD,4817542204.02673,11784927700,20284000000,21386000000,21990970000,22593480000,23438240000,24191440000,24979200000,26117400000,27022640000,..
El Salvador,SLV,GDP growth (annual %),NY.GDP.MKTP.KD.ZG,4.8315603853172,1.126057050299,3.81705639614856,2.81550182179528,2.23375368188512,1.71122320586494,2.39502829799937,2.54653313501558,2.24994225188968,2.43096049921077,2.38236290798393,..
El Salvador,SLV,"Inflation, GDP deflator (annual %)",NY.GDP.DEFL.KD.ZG,5.10707203469245,3.27452086481497,5.90966664722727,2.54567804699046,0.582057822384712,1.0112779552548,1.31249192704313,0.650454691525383,0.98427067379842,2.0751836888099,1.05846247061214,..
El Salvador,SLV,"Agriculture, forestry, and fishing, value added (% of GDP)",NV.AGR.TOTL.ZS,16.0136771698893,7.17278477660919,7.33090120291856,6.51360703263817,5.61330400614434,5.86682529650147,5.52976674016479,5.73215153789936,5.39300698180887,5.09112698813818,5.08085072368947,..
El Salvador,SLV,"Industry (including construction), value added (% of GDP)",NV.IND.TOTL.ZS,23.307547542111,26.8777211081236,26.1908400709919,26.5911811465445,26.1216308330192,26.0136110063611,25.2888868788783,24.8348589418406,25.1713825903151,25.5232526974354,25.6318035543529,..
El Salvador,SLV,Exports of goods and services (% of GDP),NE.EXP.GNFS.ZS,18.4969874192393,26.8272702258496,28.9814632222441,28.571308332554,29.7248370581198,29.5529064137087,29.4861730232304,28.458537400006,29.0297927875993,28.78222947154,29.5416732043945,..
El Salvador,SLV,Imports of goods and services (% of GDP),NE.IMP.GNFS.ZS,31.1186403692961,41.8828186786415,50.2943699467561,49.0778546712803,50.7262753757565,48.5515290251878,47.0741403791411,44.3605258719613,45.2748686907507,48.3928338961765,47.6372034708674,..
El Salvador,SLV,Gross capital formation (% of GDP),NE.GDI.TOTL.ZS,13.8129021229706,17.6690604559246,17.7896864523763,17.7096698774899,17.0193493056468,16.397208398175,16.0169449583245,15.9675488519906,16.6769552267487,20.2909171663336,19.1054611984617,..
El Salvador,SLV,"Revenue, excluding grants (% of GDP)",GC.REV.XGRT.GD.ZS,..,15.5419706138715,23.2280039303392,22.6562198217526,21.1068452187421,20.5922708793864,20.8150431413365,23.6888566070891,25.0974153213073,24.856609003959,..,..
El Salvador,SLV,Time required to start a business (days),IC.REG.DURS,..,..,16.5,16.5,16.5,16.5,16.5,16.5,16.5,16.5,16.5,..
El Salvador,SLV,Domestic credit provided by financial sector (% of GDP),FS.AST.DOMS.GD.ZS,..,..,75.5385996925656,73.7417403828294,79.5058706136264,81.7338139046309,85.8151255116165,87.7501109358104,89.7222083171199,92.3832431760455,95.2025466589863,..
El Salvador,SLV,Tax revenue (% of GDP),GC.TAX.TOTL.GD.ZS,..,10.6054956959982,15.3438670873595,16.1825493313383,17.054727463136,16.7087878065707,16.7526849094045,17.3547684449954,17.7537439570923,18.0619050900932,..,..
El Salvador,SLV,Military expenditure (% of GDP),MS.MIL.XPND.GD.ZS,3.41366598744942,0.840331038102095,1.08806149544119,1.04880962679117,1.08065558255299,1.0356046089054,1.06923801790812,1.03545340606041,1.05178541481223,1.03057541489324,..,..
El Salvador,SLV,Mobile cellular subscriptions (per 100 people),IT.CEL.SETS.P2,0,12.62968891,133.9032114,138.6519199,143.5014132,146.0390003,147.5723164,151.6211797,148.3697097,146.9221022,..,..
El Salvador,SLV,High-technology exports (% of manufactured exports),TX.VAL.TECH.MF.ZS,..,..,6.64547658076157,6.00996229616744,5.6576693840584,5.65508467011027,4.98559452227246,5.3757481464052,5.7372703449408,6.12873937521364,5.12637727618666,..
El Salvador,SLV,Statistical Capacity score (Overall average),IQ.SCI.OVRL,..,..,87.7777777777778,91.1111111111111,91.1111111111111,91.1111111111111,91.1111333333333,92.2222333333333,92.2222333333333,85.5555666666667,88.8889,..
El Salvador,SLV,Merchandise trade (% of GDP),TG.VAL.TOTL.GD.ZS,38.2975368323263,66.9329519942664,75.2957996450404,72.9308893668755,73.9530816512414,70.0024962953914,67.4197380008055,63.0222921826894,65.3823981552652,67.9049216231325,66.4664888404686,..
El Salvador,SLV,Net barter terms of trade index (2000 = 100),TT.PRI.MRCH.XD.WD,84.21052632,100,252.6204237,254.6003393,248.3140372,246.9934958,221.5258973,206.8600343,217.2858132,208.8560001,..,..
El Salvador,SLV,"External debt stocks, total (DOD, current US$)",DT.DOD.DECT.CD,2232089054.6,4535064825,12729163388.5,13548206208.8,14131937575.5,15170060782.8,15571461195.9,16566361649.7,17179946768.2,17486208468.9,..,..
El Salvador,SLV,"Total debt service (% of exports of goods, services and primary income)",DT.TDS.DECT.EX.ZS,21.6636733349402,14.2473825296204,22.1641311663657,19.1529308486221,17.4146341600569,19.2639976115962,18.5797524297961,20.0637470214016,51.606433124019,45.8093167294584,..,..
El Salvador,SLV,Net migration,SM.POP.NETM,..,..,..,-240415,..,..,..,..,-202694,..,..,..
El Salvador,SLV,"Personal remittances, received (current US$)",BX.TRF.PWKR.CD.DT,366278900.1,1764200000,3643949246.05147,3914048534.33323,3966478547.83584,4160378001.28301,4274620676.02955,4561580070.95314,4996353544.71816,5388342058.93153,5655760256.01361,..
El Salvador,SLV,"Foreign direct investment, net inflows (BoP, current US$)",BX.KLT.DINV.CD.WD,1898272.08566561,173400000,122500004.314785,430126687.532424,245179098.280128,506295970.34993,494541718.092298,479469380.713821,503801415.183001,412743968.360673,724753960.841659,..
El Salvador,SLV,Net official development assistance and official aid received (current US$),DT.ODA.ALLD.CD,328480010.986328,192440002.441406,297390014.648438,219910003.662109,169139999.389648,98069999.6948242,89699996.9482422,128970001.220703,151619995.117188,248570007.324219,..,..
Honduras,HND,"Population, total",SP.POP.TOTL,4955303,6574509,8480671,8640691,8798521,8955589,9112916,9270795,9429013,9587522,9746117,..
Honduras,HND,Population growth (annual %),SP.POP.GROW,2.87841628580054,2.73471634651249,1.94314519809288,1.86929824379403,1.81010827074648,1.7694167483402,1.74149412095733,1.71763885480619,1.6922288789459,1.66710361374407,1.64064879291134,..
Honduras,HND,Surface area (sq. km),AG.SRF.TOTL.K2,112490,112490,112490,112490,112490,112490,112490,112490,112490,112490,..,..
Honduras,HND,Population density (people per sq. km of land area),EN.POP.DNST,44.2872732147645,58.7586826347305,75.7947180266333,77.2248726427742,78.6354544642059,80.0392260255608,81.4453123603539,82.8563321118956,84.2703816248101,85.6870319063366,..,..
Honduras,HND,Poverty headcount ratio at national poverty lines (% of population),SI.POV.NAHC,..,..,..,..,..,50.2,52.2,49.7,49.8,48.3,..,..
Honduras,HND,Poverty headcount ratio at $1.90 a day (2011 PPP) (% of population),SI.POV.DDAY,44.3,..,17.1,19.6,17.3,15.9,16.2,18,17.2,16.5,..,..
Honduras,HND,"GNI, Atlas method (current US$)",NY.GNP.ATLS.CD,5482223145.09795,6682209447.30454,15874154440.1797,16993861519.9547,17626575526.9036,17931449912.7989,18747622360.8117,19699535435.24,21169814600.6539,22272051988.2236,23303431055.9575,..
Honduras,HND,"GNI per capita, Atlas method (current US$)",NY.GNP.PCAP.CD,1110,1020,1870,1970,2000,2000,2060,2120,2250,2320,2390,..
Honduras,HND,"GNI, PPP (current international $)",NY.GNP.MKTP.PP.CD,9591679733.43286,16508738719.9366,31469455075.9805,32447867601.1165,33761586548.5521,36611449125.7829,40945953789.8257,44383060571.3461,49235457099.1837,51275999310.5713,53703314264.4892,..
Honduras,HND,"GNI per capita, PPP (current international $)",NY.GNP.PCAP.PP.CD,1940,2510,3710,3760,3840,4090,4490,4790,5220,5350,5510,..
Honduras,HND,Income share held by lowest 20%,SI.DST.FRST.20,2.8,..,2.7,2.8,3.2,3.6,3.6,3.1,3.2,3,..,..
Honduras,HND,"Life expectancy at birth, total (years)",SP.DYN.LE00.IN,66.723,70.689,73.569,73.814,74.051,74.278,74.495,74.701,74.898,75.088,..,..
Honduras,HND,"Fertility rate, total (births per woman)",SP.DYN.TFRT.IN,5.123,4.237,2.86,2.774,2.699,2.635,2.581,2.536,2.496,2.46,..,..
Honduras,HND,"Adolescent fertility rate (births per 1,000 women ages 15-19)",SP.ADO.TFRT,129.888,116.1338,83.1164,80.094,78.6576,77.2212,75.7848,74.3484,72.912,71.8464,..,..
Honduras,HND,"Contraceptive prevalence, any methods (% of women ages 15-49)",SP.DYN.CONU.ZS,..,..,..,73.2,..,..,..,..,..,..,..,..
Honduras,HND,Births attended by skilled health staff (% of total),SH.STA.BRTC.ZS,..,..,..,82.8,..,..,..,..,..,..,..,..
Honduras,HND,"Mortality rate, under-5 (per 1,000 live births)",SH.DYN.MORT,58,37,22.4,21.5,20.7,20,19.3,18.6,17.9,17.4,16.8,..
Honduras,HND,"Prevalence of underweight, weight for age (% of children under 5)",SH.STA.MALN.ZS,..,..,..,7.1,..,..,..,..,..,..,..,..
Honduras,HND,"Immunization, measles (% of children ages 12-23 months)",SH.IMM.MEAS,90,98,97,97,97,96,96,96,96,89,87,..
Honduras,HND,"Primary completion rate, total (% of relevant age group)",SE.PRM.CMPT.ZS,..,..,87.47505,86.82107,80.90408,77.19141,..,80.47022,81.62433,..,..,..
Honduras,HND,"School enrollment, primary (% gross)",SE.PRM.ENRR,104.53535,103.7631,99.6457,96.52675,93.85205,91.94349,92.77764,92.58469,91.53496,..,..,..
Honduras,HND,"School enrollment, secondary (% gross)",SE.SEC.ENRR,..,..,65.23801,63.88398,61.58757,49.48024,50.71452,51.82078,52.17891,..,..,..
Honduras,HND,"School enrollment, primary and secondary (gross), gender parity index (GPI)",SE.ENR.PRSC.FM.ZS,..,..,1.06903,1.0682,1.06417,1.04717,1.06183,1.0548,1.05166,..,..,..
Honduras,HND,"Prevalence of HIV, total (% of population ages 15-49)",SH.DYN.AIDS.ZS,0.7,1,0.4,0.4,0.4,0.3,0.3,0.3,0.3,0.3,0.3,..
Honduras,HND,Forest area (sq. km),AG.LND.FRST.K2,81360,63920,50720,49520,48320,47120,45920,44720,..,..,..,..
Honduras,HND,Terrestrial and marine protected areas (% of total territorial area),ER.PTD.TOTL.ZS,..,..,..,..,..,..,..,12.4289336910491,10.8637009278591,10.8637009278591,..,..
Honduras,HND,"Annual freshwater withdrawals, total (% of internal resources)",ER.H2O.FWTL.ZS,..,..,..,..,..,..,..,..,..,..,..,..
Honduras,HND,Urban population growth (annual %),SP.URB.GROW,4.09941695051682,3.85407420197663,3.20336828062277,3.11569892696624,3.03560462062117,2.98008999382273,2.92860203121977,2.88545697311788,2.83947465362156,2.79258669978111,2.74492540014081,..
Honduras,HND,Energy use (kg of oil equivalent per capita),EG.USE.PCAP.KG.OE,480.207769333177,454.933744862164,596.678376038877,593.070970828606,590.95113826517,597.929516417066,..,..,..,..,..,..
Honduras,HND,CO2 emissions (metric tons per capita),EN.ATM.CO2E.PC,0.523190811944295,0.76524710818709,1.03645088932232,1.06054400047404,1.07027715226229,1.06174267264833,1.09934558817397,1.05847362604825,..,..,..,..
Honduras,HND,Electric power consumption (kWh per capita),EG.USE.ELEC.KH.PC,367.888704283068,488.401491274862,663.980479846465,636.638898439951,643.17627928603,619.836394903786,..,..,..,..,..,..
Honduras,HND,GDP (current US$),NY.GDP.MKTP.CD,4923009551.51561,7103507989.05044,17710315005.9999,18528601901.324,18499710127.8385,19756494434.7031,20979767785.2104,21717622071.3816,23136232229.6069,24024189735.8876,25095395475.0393,..
Honduras,HND,GDP growth (annual %),NY.GDP.MKTP.KD.ZG,2.79174894892149,7.29128815869618,3.83569066207508,4.12868774866939,2.79155975746801,3.0580805621437,3.84007997093951,3.89297219726413,4.84291391050387,3.69672956910365,2.65276116021215,..
Honduras,HND,"Inflation, GDP deflator (annual %)",NY.GDP.DEFL.KD.ZG,25.0086874839197,7.99344674107077,7.80720523664277,3.57978742613756,1.37403051856498,6.84935672480182,6.93277036946371,3.67806814426039,4.5128429763521,1.90807980253712,4.33846194257599,..
Honduras,HND,"Agriculture, forestry, and fishing, value added (% of GDP)",NV.AGR.TOTL.ZS,24.1913732572984,14.3725235386886,14.2196558016977,13.5662940347061,12.1911279403961,12.5383501333105,12.2159784468116,12.0499014058464,12.6697681094878,11.5931060544055,10.7219651069302,..
Honduras,HND,"Industry (including construction), value added (% of GDP)",NV.IND.TOTL.ZS,31.3309372393493,29.3809338966492,25.8142160143128,26.1135718011836,25.4093197152808,24.510778796214,25.6499709386427,25.8278974975697,26.5389223099615,26.8401878647193,27.3869056280744,..
Honduras,HND,Exports of goods and services (% of GDP),NE.EXP.GNFS.ZS,31.7160545169763,53.972182998888,51.2576866755535,50.9027988216362,47.9414903194725,47.5626547300206,45.1667574562581,42.7141047814182,43.5793692710567,41.7593771278013,40.2459147663485,..
Honduras,HND,Imports of goods and services (% of GDP),NE.IMP.GNFS.ZS,39.2920137648051,66.4199815853478,70.9592159217832,70.2854169866486,68.3645589279634,65.4124425546899,62.097647897982,57.1016121691742,58.7192562426045,60.7989997265966,56.367436495052,..
Honduras,HND,Gross capital formation (% of GDP),NE.GDI.TOTL.ZS,21.0646000561784,28.2884312103977,25.9999916424846,24.5642087901292,21.7603523031056,22.1838322277385,25.1180047488604,23.3771285357634,24.8206947698117,25.8971027944616,22.2914541163693,..
Honduras,HND,"Revenue, excluding grants (% of GDP)",GC.REV.XGRT.GD.ZS,..,..,20.8951305715526,21.186906822638,22.3379430792634,23.1134335421745,23.363155171353,..,..,..,..,..
Honduras,HND,Time required to start a business (days),IC.REG.DURS,..,..,43,43,43,43,41,42,42,42,42,..
Honduras,HND,Domestic credit provided by financial sector (% of GDP),FS.AST.DOMS.GD.ZS,..,..,51.4027956730101,55.3281080387252,56.8384876502183,57.5500981062056,55.8274885101148,61.8178233717908,60.0397780963793,64.6593735612163,65.8237037964351,..
Honduras,HND,Tax revenue (% of GDP),GC.TAX.TOTL.GD.ZS,..,..,14.7879787886259,14.7474723155071,15.0632419088149,16.5426382434487,17.3444720611594,..,..,..,..,..
Honduras,HND,Military expenditure (% of GDP),MS.MIL.XPND.GD.ZS,2.20148360851878,0.729929060458941,1.13130910330426,1.14601887097912,1.60131821530496,1.54864476700508,1.68213854736879,1.68022789953908,1.74380834280204,1.71258931304159,..,..
Honduras,HND,Mobile cellular subscriptions (per 100 people),IT.CEL.SETS.P2,0,2.361712487,95.06593287,85.29449786,88.27887096,86.26001037,88.31847018,84.48900013,87.32089987,79.15031642,72.74375015,..
Honduras,HND,High-technology exports (% of manufactured exports),TX.VAL.TECH.MF.ZS,..,..,1.7278143460327,2.79532656810559,..,2.58055859754046,1.30869813037827,2.83963691415033,3.12816215611494,..,..,..
Honduras,HND,Statistical Capacity score (Overall average),IQ.SCI.OVRL,..,..,75.5555555555556,68.8888888888889,62.2222222222222,73.3333333333333,76.6667,77.7778,71.1111333333333,66.6667,56.6667,..
Honduras,HND,Merchandise trade (% of GDP),TG.VAL.TOTL.GD.ZS,38.0255203734813,103.202530514504,107.863694087476,106.484019167092,101.54753707049,97.021260848436,92.4748081038181,85.271766582601,86.7254434554097,86.7292517627555,82.385631342467,..
Honduras,HND,Net barter terms of trade index (2000 = 100),TT.PRI.MRCH.XD.WD,78.02197802,100,213.8256444,186.6696873,166.52137,163.1909465,127.3988486,123.4279545,133.499715,164.6901217,..,..
Honduras,HND,"External debt stocks, total (DOD, current US$)",DT.DOD.DECT.CD,3816730011.6,5616776612.6,4398742975.7,5066125597.7,6841952363.2,7340803972.2,7595243147.8,7596339112.9,8825693863.8,9709229208.9,..,..
Honduras,HND,"Total debt service (% of exports of goods, services and primary income)",DT.TDS.DECT.EX.ZS,38.3240069122674,14.7522319107534,16.016201484486,13.7211193600017,14.6554263175551,10.3127150452259,18.3669133566972,14.9061423626208,23.9992136039434,28.1328682763261,..,..
Honduras,HND,Net migration,SM.POP.NETM,..,..,..,-30000,..,..,..,..,-34000,..,..,..
Honduras,HND,"Personal remittances, received (current US$)",BX.TRF.PWKR.CD.DT,62900001.53,474498240,2810592535.70634,2920369783.01134,3098239341.9432,3369514366.552,3666201326.86746,3863739159.11759,4322761613.52253,4776545983.26965,5401465664.93251,..
Honduras,HND,"Foreign direct investment, net inflows (BoP, current US$)",BX.KLT.DINV.CD.WD,43500000,349978000,1042571020.7703,1081346795.58822,1069029263.15978,1704790710.03868,1316679827.33597,1147030449.99683,949955941.51778,1442587576.2096,955095297.980428,..
Honduras,HND,Net official development assistance and official aid received (current US$),DT.ODA.ALLD.CD,411049987.792969,399850006.103516,359250000,566190002.441406,625869995.117188,606280029.296875,540520019.53125,412399993.896484,441589996.337891,659929992.675781,..,..
Nicaragua,NIC,"Population, total",SP.POP.TOTL,4173434,5069302,5903039,5982526,6062454,6142733,6223240,6303974,6384855,6465513,6545502,..
Nicaragua,NIC,Population growth (annual %),SP.POP.GROW,2.19174723881499,1.55588306602018,1.34688315004338,1.33755837533169,1.32717818058085,1.31550885257635,1.3020914319441,1.28895567304368,1.27485515697153,1.25535796724705,1.22957367676273,..
Nicaragua,NIC,Surface area (sq. km),AG.SRF.TOTL.K2,130370,130370,130370,130370,130370,130370,130370,130370,130370,130370,..,..
Nicaragua,NIC,Population density (people per sq. km of land area),EN.POP.DNST,34.6803556589663,42.1248296493269,49.0530081435932,49.7135283363803,50.3777131460861,51.0448146917068,51.7138108692039,52.3846933687884,53.0567974073459,53.7270483629716,..,..
Nicaragua,NIC,Poverty headcount ratio at national poverty lines (% of population),SI.POV.NAHC,..,..,..,..,..,29.6,..,24.9,..,..,..,..
Nicaragua,NIC,Poverty headcount ratio at $1.90 a day (2011 PPP) (% of population),SI.POV.DDAY,..,..,..,..,..,3.2,..,..,..,..,..,..
Nicaragua,NIC,"GNI, Atlas method (current US$)",NY.GNP.ATLS.CD,1290454377.23953,4890672931.73541,9284013304.91085,10104353986.6472,10770429332.5286,11376777055.8351,11905354803.0186,12603388827.9095,13298378263.803,13068790473.1023,12490496978.5051,..
Nicaragua,NIC,"GNI per capita, Atlas method (current US$)",NY.GNP.PCAP.CD,310,960,1570,1690,1780,1850,1910,2000,2080,2020,1910,..
Nicaragua,NIC,"GNI, PPP (current international $)",NY.GNP.MKTP.PP.CD,8190722755.92418,13551689562.5361,24463198980.6977,25699434373.9683,27117096696.4901,29554114307.5316,32052201357.1565,34930273712.1284,37321575970.9361,36795945821.0625,35912875866.6251,..
Nicaragua,NIC,"GNI per capita, PPP (current international $)",NY.GNP.PCAP.PP.CD,1960,2670,4140,4300,4470,4810,5150,5540,5850,5690,5490,..
Nicaragua,NIC,Income share held by lowest 20%,SI.DST.FRST.20,..,..,..,..,..,5.1,..,..,..,..,..,..
Nicaragua,NIC,"Life expectancy at birth, total (years)",SP.DYN.LE00.IN,64.293,69.527,72.692,72.951,73.197,73.429,73.649,73.86,74.068,74.275,..,..
Nicaragua,NIC,"Fertility rate, total (births per woman)",SP.DYN.TFRT.IN,4.596,3.111,2.575,2.55,2.526,2.503,2.48,2.455,2.43,2.404,..,..
Nicaragua,NIC,"Adolescent fertility rate (births per 1,000 women ages 15-19)",SP.ADO.TFRT,151.7706,118.6528,95.6208,93.944,92.1532,90.3624,88.5716,86.7808,84.99,83.3048,..,..
Nicaragua,NIC,"Contraceptive prevalence, any methods (% of women ages 15-49)",SP.DYN.CONU.ZS,..,..,..,80.4,..,..,..,..,..,..,..,..
Nicaragua,NIC,Births attended by skilled health staff (% of total),SH.STA.BRTC.ZS,..,..,..,88,..,..,..,..,..,..,..,..
Nicaragua,NIC,"Mortality rate, under-5 (per 1,000 live births)",SH.DYN.MORT,66.5,38.5,22.9,22,21.1,20.3,19.4,18.7,18,17.3,16.6,..
Nicaragua,NIC,"Prevalence of underweight, weight for age (% of children under 5)",SH.STA.MALN.ZS,..,..,..,4.6,..,..,..,..,..,..,..,..
Nicaragua,NIC,"Immunization, measles (% of children ages 12-23 months)",SH.IMM.MEAS,82,86,99,99,99,99,99,99,99,99,99,..
Nicaragua,NIC,"Primary completion rate, total (% of relevant age group)",SE.PRM.CMPT.ZS,39.15043,65.76514,..,..,..,..,..,..,..,..,..,..
Nicaragua,NIC,"School enrollment, primary (% gross)",SE.PRM.ENRR,86.28695,103.88035,..,..,..,..,..,..,..,..,..,..
Nicaragua,NIC,"School enrollment, secondary (% gross)",SE.SEC.ENRR,36.80746,52.67501,..,..,..,..,..,..,..,..,..,..
Nicaragua,NIC,"School enrollment, primary and secondary (gross), gender parity index (GPI)",SE.ENR.PRSC.FM.ZS,..,1.06801,..,..,..,..,..,..,..,..,..,..
Nicaragua,NIC,"Prevalence of HIV, total (% of population ages 15-49)",SH.DYN.AIDS.ZS,0.1,0.2,0.2,0.2,0.2,0.2,0.2,0.2,0.2,0.2,0.2,..
Nicaragua,NIC,Forest area (sq. km),AG.LND.FRST.K2,45140,38140,31140,31140,31140,31140,31140,31140,..,..,..,..
Nicaragua,NIC,Terrestrial and marine protected areas (% of total territorial area),ER.PTD.TOTL.ZS,..,..,..,..,..,..,..,15.4797788522118,15.507104242217,15.507104242217,..,..
Nicaragua,NIC,"Annual freshwater withdrawals, total (% of internal resources)",ER.H2O.FWTL.ZS,..,..,..,0.989116517285531,..,0.989116517285531,..,..,..,..,..,..
Nicaragua,NIC,Urban population growth (annual %),SP.URB.GROW,2.7169221471207,1.82622988408474,1.69066493043974,1.68014530031262,1.66859024195735,1.65404276794304,1.63948052886928,1.62518719956309,1.63401987666546,1.63714154226712,1.63542151795135,..
Nicaragua,NIC,Energy use (kg of oil equivalent per capita),EG.USE.PCAP.KG.OE,483.797755038177,496.44586177742,518.110417362989,549.416918539092,580.485394198455,596.243886882272,..,..,..,..,..,..
Nicaragua,NIC,CO2 emissions (metric tons per capita),EN.ATM.CO2E.PC,0.610663784308078,0.742181467981193,0.827445659769485,0.771706299312364,0.730078776680202,0.761728045155145,0.85675918010554,0.887087256387796,..,..,..,..
Nicaragua,NIC,Electric power consumption (kWh per capita),EG.USE.ELEC.KH.PC,306.222645428201,344.820647891958,528.371911484915,569.324730055498,586.561151639254,568.313810807014,..,..,..,..,..,..
Nicaragua,NIC,GDP (current US$),NY.GDP.MKTP.CD,1009455483.87097,5107329007.0922,9774262741.75783,10531964139.3486,10982979274.1922,11880472593.2147,12756706583.3113,13286048705.496,13785943183.0661,13063873077.8495,12520915291.1837,..
Nicaragua,NIC,GDP growth (annual %),NY.GDP.MKTP.KD.ZG,-0.0524997208627127,4.10159015455254,6.31752482459839,6.49674729903211,4.92679226883017,4.78581617044347,4.79144081994679,4.5635422115899,4.63138368138509,-3.95091708124258,-3.87850990043628,..
Nicaragua,NIC,"Inflation, GDP deflator (annual %)",NY.GDP.DEFL.KD.ZG,5016.10794964774,8.56622846008226,10.2131382630262,6.24296316345993,4.34989131934842,8.39261207576727,7.58893784659118,4.58921969139814,4.12412265730259,3.59246623097648,4.6677381618245,..
Nicaragua,NIC,"Agriculture, forestry, and fishing, value added (% of GDP)",NV.AGR.TOTL.ZS,..,17.7655051440462,18.8853048393793,17.6125939038602,16.4913637535447,16.7086030012581,16.1098281023966,14.9150581181297,14.9966206430434,15.276547947997,15.4127905014058,..
Nicaragua,NIC,"Industry (including construction), value added (% of GDP)",NV.IND.TOTL.ZS,..,20.1553281368856,23.1575729648099,24.5466605912264,25.3872500276213,25.0985720029572,25.7348859815879,25.7955083364014,24.8167905764217,25.7751566567283,25.0676369739146,..
Nicaragua,NIC,Exports of goods and services (% of GDP),NE.EXP.GNFS.ZS,24.9483592559642,20.1081658866931,45.0171319594308,47.469485025787,45.2141568150849,45.0081711002451,40.0834610749856,38.8820806816389,41.338708120112,42.1509096157998,45.1069893951012,..
Nicaragua,NIC,Imports of goods and services (% of GDP),NE.IMP.GNFS.ZS,46.3424548271313,41.1903315733091,66.8109918286713,67.708362736045,65.7698965123559,61.6898613506958,58.1104205552376,54.9318887077263,55.0412764313991,51.4704990453825,49.9686530958685,..
Nicaragua,NIC,Gross capital formation (% of GDP),NE.GDI.TOTL.ZS,19.2758024767105,26.6547531947904,30.9830687878968,31.0117624287782,30.9048723897912,28.8793271163798,33.4767491019738,31.2004943985694,29.9155160760838,23.8651939438195,17.135182318417,..
Nicaragua,NIC,"Revenue, excluding grants (% of GDP)",GC.REV.XGRT.GD.ZS,29.9810309742205,11.6296664304249,15.7607623836008,16.4207047223107,16.2168467572644,16.4345452717864,16.728064145962,17.3827644243412,17.8257748837743,16.9118270945059,..,..
Nicaragua,NIC,Time required to start a business (days),IC.REG.DURS,..,..,39,39,37,14,14,14,14,14,14,..
Nicaragua,NIC,Domestic credit provided by financial sector (% of GDP),FS.AST.DOMS.GD.ZS,..,..,46.3125790362705,45.9735683791619,48.5431692252569,46.8945541822557,47.8325695833895,49.2793669676845,51.4629522869846,49.3730288348769,43.1532702061592,..
Nicaragua,NIC,Tax revenue (% of GDP),GC.TAX.TOTL.GD.ZS,26.2658373469951,10.6468701120311,14.5197831928862,15.0091937917603,15.0204253673627,15.3162167157365,15.5895883603149,16.1664887182454,16.5737516137274,15.6529893220324,..,..
Nicaragua,NIC,Military expenditure (% of GDP),MS.MIL.XPND.GD.ZS,..,0.782751441383728,0.526411840388353,0.665903207335661,0.678613781165985,0.685091959176865,0.776083433729135,0.642579219640736,0.623063233603373,0.608427606439331,..,..
Nicaragua,NIC,Mobile cellular subscriptions (per 100 people),IT.CEL.SETS.P2,0,1.781191967,81.71272458,97.81358242,112.313044,115.0605488,116.7261909,122.8671311,128.1139122,115.0959067,88.43373663,..
Nicaragua,NIC,High-technology exports (% of manufactured exports),TX.VAL.TECH.MF.ZS,..,..,6.66829747120295,0.257811017265265,0.395406133395725,0.468388678778603,0.583064440191771,0.798624257382059,0.599118651020852,0.676388243873207,..,..
Nicaragua,NIC,Statistical Capacity score (Overall average),IQ.SCI.OVRL,..,..,71.1111111111111,68.8888888888889,65.5555555555556,65.5555555555556,70,70,68.8889,58.8889,51.1111333333333,..
Nicaragua,NIC,Merchandise trade (% of GDP),TG.VAL.TOTL.GD.ZS,95.8932826129194,52.5323509856972,107.30221068432,108.849592044937,104.543582513903,101.612119427764,93.2764261864156,88.4536874769894,90.0337382446654,89.123646032212,117.723023095434,..
Nicaragua,NIC,Net barter terms of trade index (2000 = 100),TT.PRI.MRCH.XD.WD,155,100,278.5234735,283.1772219,253.0259447,247.8708149,206.5980803,182.4350768,193.6894461,231.6430831,..,..
Nicaragua,NIC,"External debt stocks, total (DOD, current US$)",DT.DOD.DECT.CD,10976880083.2,6822420902,7914987810.7,8880641149.7,9661299852.8,10078393509.3,10509306911.4,10985300386.3,11460689410.8,11617614885.1,..,..
Nicaragua,NIC,"Total debt service (% of exports of goods, services and primary income)",DT.TDS.DECT.EX.ZS,5.00470297029703,29.4047091943513,16.5034812629961,13.1993935702772,12.619058858323,13.0433478797368,15.4249727683352,15.9334779279193,19.8201596232055,19.0280490011247,..,..
Nicaragua,NIC,Net migration,SM.POP.NETM,..,..,..,-135020,..,..,..,..,-106360,..,..,..
Nicaragua,NIC,"Personal remittances, received (current US$)",BX.TRF.PWKR.CD.DT,..,320000000,913600000,1016300000,1081300000,1140200000,1197500000,1268100000,1394700000,1504800000,1653775200,..
Nicaragua,NIC,"Foreign direct investment, net inflows (BoP, current US$)",BX.KLT.DINV.CD.WD,670000,266500000,936300000,767700000,815500000,884100000,949900000,898700000,771900000,359200000,..,..
Nicaragua,NIC,Net official development assistance and official aid received (current US$),DT.ODA.ALLD.CD,329559997.558594,501929992.675781,536580017.089844,532320007.324219,495799987.792969,432170013.427734,457920013.427734,430980010.986328,562590026.855469,351950012.207031,..,..
,,,,,,,,,,,,,,,
,,,,,,,,,,,,,,,
,,,,,,,,,,,,,,,
Data from database: World Development Indicators,,,,,,,,,,,,,,,
Last Updated: 09/16/2020,,,,,,,,,,,,,,,
